<?xml version="1.0" encoding="utf-8"?>
<typeSystemDescription xmlns="http://uima.apache.org/resourceSpecifier">
  <name>en-XX-People-ts</name>
  <description></description>
  <version></version>
  <vendor></vendor>
  <types>
    <typeDescription>
      <name>com.ibm.DictAcronym</name>
      <description>Required by rule</description>
      <supertypeName>uima.tt.DictionaryEntryAnnotation</supertypeName>
    </typeDescription>
    <typeDescription>
      <name>com.ibm.DictFirstName</name>
      <description>Required by rule</description>
      <supertypeName>uima.tcas.Annotation</supertypeName>
    </typeDescription>
    <typeDescription>
      <name>com.ibm.DictTitle</name>
      <description>Required by rule</description>
      <supertypeName>uima.tt.DictionaryEntryAnnotation</supertypeName>
    </typeDescription>
    <typeDescription>
      <name>uima.tt.TokenAnnotation</name>
      <description>Required by rule</description>
      <supertypeName>uima.tt.TokenLikeAnnotation</supertypeName>
    </typeDescription>
    </types>
</typeSystemDescription>
