<?xml version="1.0" encoding="utf-8"?>
<typePriorities xmlns="http://uima.apache.org/resourceSpecifier">
  <priorityLists>
    <priorityList>
      <type>uima.tcas.DocumentAnnotation</type>
      <type>uima.tt.ParagraphAnnotation</type>
      <type>uima.tt.SentenceAnnotation</type>
      <type>com.ibm.People</type>
      <type>com.ibm.lw.marker.Markerja_JP_PeopleOutputType</type>
      <type>uima.tt.DictionaryEntryAnnotation</type>
      <type>uima.tt.TokenAnnotation</type>
    </priorityList>
    <priorityList>
      <type>com.ibm.lw.marker.Markerja_JP_PeopleOutputType</type>
      <type>com.ibm.DictFirstName</type>
    </priorityList>
    <priorityList>
      <type>com.ibm.lw.marker.Markerja_JP_PeopleOutputType</type>
      <type>com.ibm.DictTitle</type>
    </priorityList>
    <priorityList>
      <type>com.ibm.lw.marker.Markerja_JP_PeopleOutputType</type>
      <type>com.ibm.DictLastName</type>
    </priorityList>
    <priorityList>
      <type>com.ibm.lw.marker.Markerja_JP_PeopleOutputType</type>
      <type>com.ibm.DictFullName</type>
    </priorityList>
    
  </priorityLists>
</typePriorities>
