<?xml version="1.0" encoding="utf-8"?>
<typeSystemDescription xmlns="http://uima.apache.org/resourceSpecifier">
  <name>EntityRecognition-ts</name>
  <description></description>
  <version></version>
  <vendor></vendor>
  <types>
    <typeDescription>
      <name>com.ibm.lw.marker.MarkerEntityRecognitionOutputType</name>
      <description>Marker Type, used to separate outputs of a rule DB from it inputs, in the UIMA priority list</description>
      <supertypeName>uima.cas.TOP</supertypeName>
    </typeDescription>
    </types>
</typeSystemDescription>
