<?xml version="1.0" encoding="utf-8"?>
<typeSystemDescription xmlns="http://uima.apache.org/resourceSpecifier">
  <name>myRules-ts</name>
  <description></description>
  <version></version>
  <vendor></vendor>
  <types>
    <typeDescription>
      <name>com.myProject.DictFirstName</name>
      <description>Required by rule</description>
      <supertypeName>uima.tt.DictionaryEntryAnnotation</supertypeName>
    </typeDescription>
    <typeDescription>
      <name>com.myProject.DictPlace</name>
      <description>Required by rule</description>
      <supertypeName>uima.tt.DictionaryEntryAnnotation</supertypeName>
    </typeDescription>
    <typeDescription>
      <name>com.myProject.DictSectionTrigger</name>
      <description>Required by rule</description>
      <supertypeName>uima.tt.DictionaryEntryAnnotation</supertypeName>
    </typeDescription>
    <typeDescription>
      <name>com.myProject.Party</name>
      <description>Required by rule</description>
      <supertypeName>uima.tt.DictionaryEntryAnnotation</supertypeName>
    </typeDescription>
    <typeDescription>
      <name>uima.tt.TokenAnnotation</name>
      <description>Required by rule</description>
      <supertypeName>uima.tt.TokenLikeAnnotation</supertypeName>
      <features>
        <featureDescription>
          <name>lemma</name>
          <description></description>
          <rangeTypeName>uima.tt.Lemma</rangeTypeName>
        </featureDescription>
        </features>
    </typeDescription>
    </types>
</typeSystemDescription>
