<?xml version="1.0" encoding="utf-8"?>
<typeSystemDescription xmlns="http://uima.apache.org/resourceSpecifier">
  <name>sectionTrigger-ts</name>
  <description>sectionTrigger</description>
  <version></version>
  <vendor></vendor>
  <types>
    <typeDescription>
      <name>com.myProject.DictSectionTrigger</name>
      <description>sectionTrigger</description>
      <supertypeName>uima.tt.DictionaryEntryAnnotation</supertypeName>
    </typeDescription>
    </types>
</typeSystemDescription>
