<?xml version="1.0" encoding="utf-8"?>
<typeSystemDescription xmlns="http://uima.apache.org/resourceSpecifier">
  <name>en-XX-PoliceReports-ts</name>
  <description></description>
  <version></version>
  <vendor></vendor>
  <types>
    <typeDescription>
      <name>com.ibm.Alias</name>
      <description></description>
      <supertypeName>uima.tcas.Annotation</supertypeName>
      <features>
        <featureDescription>
          <name>ruleId</name>
          <description></description>
          <rangeTypeName>uima.cas.String</rangeTypeName>
        </featureDescription>
        </features>
    </typeDescription>
    <typeDescription>
      <name>com.ibm.DOB</name>
      <description></description>
      <supertypeName>uima.tcas.Annotation</supertypeName>
      <features>
        <featureDescription>
          <name>ruleId</name>
          <description></description>
          <rangeTypeName>uima.cas.String</rangeTypeName>
        </featureDescription>
        </features>
    </typeDescription>
    <typeDescription>
      <name>com.ibm.Department</name>
      <description></description>
      <supertypeName>uima.tcas.Annotation</supertypeName>
      <features>
        <featureDescription>
          <name>ruleId</name>
          <description></description>
          <rangeTypeName>uima.cas.String</rangeTypeName>
        </featureDescription>
        </features>
    </typeDescription>
    <typeDescription>
      <name>com.ibm.Firstname</name>
      <description></description>
      <supertypeName>uima.tcas.Annotation</supertypeName>
      <features>
        <featureDescription>
          <name>ruleId</name>
          <description></description>
          <rangeTypeName>uima.cas.String</rangeTypeName>
        </featureDescription>
        </features>
    </typeDescription>
    <typeDescription>
      <name>com.ibm.List</name>
      <description></description>
      <supertypeName>uima.tcas.Annotation</supertypeName>
      <features>
        <featureDescription>
          <name>ruleId</name>
          <description></description>
          <rangeTypeName>uima.cas.String</rangeTypeName>
        </featureDescription>
        </features>
    </typeDescription>
    <typeDescription>
      <name>com.ibm.Person</name>
      <description></description>
      <supertypeName>uima.tcas.Annotation</supertypeName>
      <features>
        <featureDescription>
          <name>normalFormName</name>
          <description></description>
          <rangeTypeName>uima.cas.FSArray</rangeTypeName>
        </featureDescription>
        <featureDescription>
          <name>ruleId</name>
          <description></description>
          <rangeTypeName>uima.cas.String</rangeTypeName>
        </featureDescription>
        </features>
    </typeDescription>
    <typeDescription>
      <name>com.ibm.Surname</name>
      <description></description>
      <supertypeName>uima.tcas.Annotation</supertypeName>
      <features>
        <featureDescription>
          <name>ruleId</name>
          <description></description>
          <rangeTypeName>uima.cas.String</rangeTypeName>
        </featureDescription>
        </features>
    </typeDescription>
    <typeDescription>
      <name>com.ibm.Suspect</name>
      <description></description>
      <supertypeName>uima.tcas.Annotation</supertypeName>
      <features>
        <featureDescription>
          <name>normalFormName</name>
          <description></description>
          <rangeTypeName>uima.cas.FSArray</rangeTypeName>
        </featureDescription>
        <featureDescription>
          <name>ruleId</name>
          <description></description>
          <rangeTypeName>uima.cas.String</rangeTypeName>
        </featureDescription>
        </features>
    </typeDescription>
    <typeDescription>
      <name>com.ibm.SuspectDetails</name>
      <description></description>
      <supertypeName>uima.tcas.Annotation</supertypeName>
      <features>
        <featureDescription>
          <name>name</name>
          <description></description>
          <rangeTypeName>uima.cas.FSArray</rangeTypeName>
        </featureDescription>
        <featureDescription>
          <name>alias</name>
          <description></description>
          <rangeTypeName>uima.cas.FSArray</rangeTypeName>
        </featureDescription>
        <featureDescription>
          <name>dob</name>
          <description></description>
          <rangeTypeName>uima.cas.FSArray</rangeTypeName>
        </featureDescription>
        <featureDescription>
          <name>ruleId</name>
          <description></description>
          <rangeTypeName>uima.cas.String</rangeTypeName>
        </featureDescription>
        </features>
    </typeDescription>
    <typeDescription>
      <name>com.ibm.lw.marker.Markeren_XX_PoliceReportsOutputType</name>
      <description>Marker Type, used to separate outputs of a rule DB from it inputs, in the UIMA priority list</description>
      <supertypeName>uima.cas.TOP</supertypeName>
    </typeDescription>
    </types>
</typeSystemDescription>
