"COL1","COL2"
"Aaliyah	1100","N"
"Aaron	1100","N"
"Abby	1100","N"
"Abigail	1100","N"
"Adam	1100","N"
"Addison	1100","N"
"Adrian	1100","N"
"Adriana	1100","N"
"Aidan	1100","N"
"Aiden	1100","N"
"Aileen	1100","N"
"Alan	1100","N"
"Alana	1100","N"
"Alex	1100","N"
"Alexander	1100","N"
"Alexandra	1100","N"
"Alexis	1100","N"
"Allison	1100","N"
"Alyssa	1100","N"
"Amelia	1100","N"
"Amine	1100","N"
"Ana	1100","N"
"Andrew	1100","N"
"Ann	1100","N"
"Anna	1100","N"
"Anthony	1100","N"
"Antonio	1100","N"
"April	1100","N"
"Arianna	1100","N"
"Armando	1100","N"
"Ashley	1100","N"
"Ashlyn	1100","N"
"Aubrey	1100","N"
"Audrey	1100","N"
"Austin	1100","N"
"Ava	1100","N"
"Avery	1100","N"
"Bailey	1100","N"
"Barry	1100","N"
"Ben	1100","N"
"Benjamin	1100","N"
"Beverly	1100","N"
"Billy	1100","N"
"Blake	1100","N"
"Bobby	1100","N"
"Braden	1100","N"
"Brady	1100","N"
"Brandon	1100","N"
"Brayden	1100","N"
"Brenda	1100","N"
"Brendan	1100","N"
"Brenna	1100","N"
"Brennan	1100","N"
"Brianna	1100","N"
"Bridget	1100","N"
"Brody	1100","N"
"Brooke	1100","N"
"Brooklyn	1100","N"
"Bryce	1100","N"
"Callie	1100","N"
"Cameron	1100","N"
"Cara	1100","N"
"Carlos	1100","N"
"Carly	1100","N"
"Caroline	1100","N"
"Carson	1100","N"
"Carter	1100","N"
"Casey	1100","N"
"Cassidy	1100","N"
"Charlie	1100","N"
"Charlotte	1100","N"
"Chase	1100","N"
"Chiara	1100","N"
"Chloe	1100","N"
"Chris	1100","N"
"Christian	1100","N"
"Christopher	1100","N"
"Ciara	1100","N"
"Claire	1100","N"
"Clare	1100","N"
"Clark	1100","N"
"Cody	1100","N"
"Cole	1100","N"
"Coleman	1100","N"
"Colin	1100","N"
"Colton	1100","N"
"Connor	1100","N"
"Cooper	1100","N"
"Corey	1100","N"
"Cori	1100","N"
"Cornelia	1100","N"
"Cullen	1100","N"
"Dallin	1100","N"
"Daniel	1100","N"
"Dara	1100","N"
"Darcy	1100","N"
"David	1100","N"
"Declan	1100","N"
"Devin	1100","N"
"Devon	1100","N"
"Dominic	1100","N"
"Dorian	1100","N"
"Dylan	1100","N"
"Edwin	1100","N"
"Eileen	1100","N"
"Eli	1100","N"
"Elijah	1100","N"
"Elizabeth	1100","N"
"Ella	1100","N"
"Ellie	1100","N"
"Ellis	1100","N"
"Emily	1100","N"
"Emma	1100","N"
"Eric	1100","N"
"Erin	1100","N"
"Ernesto	1100","N"
"Ethan	1100","N"
"Evan	1100","N"
"Evelyn	1100","N"
"Fernando	1100","N"
"Fiona	1100","N"
"Franklin	1100","N"
"Frederick	1100","N"
"Gabriel	1100","N"
"Gabriella	1100","N"
"Gabrielle	1100","N"
"Gary	1100","N"
"Gavin	1100","N"
"George	1100","N"
"Georgia	1100","N"
"Gianna	1100","N"
"Grace	1100","N"
"Gracie	1100","N"
"Grady	1100","N"
"Grayson	1100","N"
"Griffin	1100","N"
"Gustavo	1100","N"
"Hailey	1100","N"
"Hannah	1100","N"
"Harry	1100","N"
"Hayden	1100","N"
"Heath	1100","N"
"Heather	1100","N"
"Henry	1100","N"
"Herman	1100","N"
"Homer	1100","N"
"Hugh	1100","N"
"Humberto	1100","N"
"Hunter	1100","N"
"Ian	1100","N"
"Isaac	1100","N"
"Isabella	1100","N"
"Isabelle	1100","N"
"Isaiah	1100","N"
"Jack	1100","N"
"Jackie	1100","N"
"Jackson	1100","N"
"Jacob	1100","N"
"Jada	1100","N"
"Jake	1100","N"
"James	1100","N"
"Jamie	1100","N"
"Janet	1100","N"
"Jasmine	1100","N"
"Jason	1100","N"
"Jay	1100","N"
"Jayden	1100","N"
"Jenna	1100","N"
"Jocelyn	1100","N"
"Joe	1100","N"
"John	1100","N"
"Jonathan	1100","N"
"Jordan	1100","N"
"Jorge	1100","N"
"Joseph	1100","N"
"Joshua	1100","N"
"Josiah	1100","N"
"Juan	1100","N"
"Judy	1100","N"
"Julia	1100","N"
"Julian	1100","N"
"Julio	1100","N"
"Justin	1100","N"
"Kaelyn	1100","N"
"Kaitlyn	1100","N"
"Kara	1100","N"
"Kate	1100","N"
"Katherine	1100","N"
"Kathleen	1100","N"
"Katie	1100","N"
"Kayla	1100","N"
"Kaylee	1100","N"
"Keegan	1100","N"
"Keely	1100","N"
"Keenan	1100","N"
"Keira	1100","N"
"Kellen	1100","N"
"Kelly	1100","N"
"Kennedy	1100","N"
"Kenny	1100","N"
"Kent	1100","N"
"Kerry	1100","N"
"Kevin	1100","N"
"Kieran	1100","N"
"Killian	1100","N"
"Kim	1100","N"
"Kira	1100","N"
"Kori	1100","N"
"Kyle	1100","N"
"Kylie	1100","N"
"Landon	1100","N"
"Lauren	1100","N"
"Layla	1100","N"
"Leah	1100","N"
"Lee	1100","N"
"Liam	1100","N"
"Lila	1100","N"
"Liliana	1100","N"
"Lillian	1100","N"
"Lily	1100","N"
"Logan	1100","N"
"Lucas	1100","N"
"Lucy	1100","N"
"Luke	1100","N"
"Mack	1100","N"
"Mackenzie	1100","N"
"Madeline	1100","N"
"Madison	1100","N"
"Maeve	1100","N"
"Makayla	1100","N"
"Marcos	1100","N"
"Maria	1100","N"
"Marie	1100","N"
"Marina	1100","N"
"Marissa	1100","N"
"Marta	1100","N"
"Mason	1100","N"
"Matthew	1100","N"
"Maura	1100","N"
"Maurice	1100","N"
"Max	1100","N"
"May	1100","N"
"Maya	1100","N"
"Megan	1100","N"
"Mercedes	1100","N"
"Mia	1100","N"
"Micah	1100","N"
"Michael	1100","N"
"Miguel	1100","N"
"Miles	1100","N"
"Molly	1100","N"
"Morgan	1100","N"
"Morris	1100","N"
"Naomi	1100","N"
"Natalie	1100","N"
"Nathan	1100","N"
"Nathaniel	1100","N"
"Neil	1100","N"
"Nelson	1100","N"
"Nevaeh	1100","N"
"Nicholas	1100","N"
"Nicole	1100","N"
"Noah	1100","N"
"Noel	1100","N"
"Nolan	1100","N"
"Oliver	1100","N"
"Olivia	1100","N"
"Oscar	1100","N"
"Owen	1100","N"
"Paige	1100","N"
"Parker	1100","N"
"Patricia	1100","N"
"Patrick	1100","N"
"Paul	1100","N"
"Pedro	1100","N"
"Perry	1100","N"
"Pete	1100","N"
"Petra	1100","N"
"Peyton	1100","N"
"Phil	1100","N"
"Quinn	1100","N"
"Rachel	1100","N"
"Reagan	1100","N"
"Rebecca	1100","N"
"Richard	1100","N"
"Riley	1100","N"
"Robert	1100","N"
"Rochelle	1100","N"
"Rohan	1100","N"
"Roosevelt	1100","N"
"Rory	1100","N"
"Rosetta	1100","N"
"Ross	1100","N"
"Royce	1100","N"
"Russell	1100","N"
"Ryan	1100","N"
"Sadie	1100","N"
"Samantha	1100","N"
"Samuel	1100","N"
"Santos	1100","N"
"Sarah	1100","N"
"Savannah	1100","N"
"Scott	1100","N"
"Seamus	1100","N"
"Sean	1100","N"
"Sebastian	1100","N"
"Sergio	1100","N"
"Seth	1100","N"
"Shaina	1100","N"
"Shane	1100","N"
"Shanna	1100","N"
"Shauna	1100","N"
"Shawna	1100","N"
"Shayla	1100","N"
"Shea	1100","N"
"Sheila	1100","N"
"Silvia	1100","N"
"Sophia	1100","N"
"Sophie	1100","N"
"Steven	1100","N"
"Stewart	1100","N"
"Tara	1100","N"
"Taylor	1100","N"
"Thomas	1100","N"
"Tracy	1100","N"
"Tristan	1100","N"
"Tyler	1100","N"
"Victoria	1100","N"
"Virginia	1100","N"
"Wallace	1100","N"
"Warren	1100","N"
"Wayne	1100","N"
"Wesley	1100","N"
"Will	1100","N"
"William	1100","N"
"Wyatt	1100","N"
"Xavier	1100","N"
"Yvonne	1100","N"
"Zachary	1100","N"
"Zoe	1100","N"
"Christina	1100","N"
"Joshua	1100","N"
"Jenny	1100","N"
"Greg	1100","N"
"Gareth	1100","N"
"Natasha	1100","N"
"Martha	1100","N"
"Harriet	1100","N"
"Ken	1100","N"
"Derek	1100","N"
"Mary	1100","N"
"Bill	1100","N"
"Peter	1100","N"
"Attila	1100","N"
"Glynn	1100","N"
"Dred	1100","N"
"Cornelia	1100","N"
"Maggie	1100","N"
"Randy	1100","N"
