"COL1","COL2","COL3"
"Academy	1100","N","Academic"
"Agency	1100Agencies	1101","N","Governmental"
"Alliance	1100Alliances	1100","N","Governmental"
"Assembly	1100Assemblies	1100","N","Governmental"
"Association	1101Associations	1101","N","Generic"
"Authority","N","Governmental"
"Bank	1100","N","Commercial"
"Board	1100","N","Governmental"
"Brotherhood	1100","N","Academic"
"Centre	1100Center	1100Centers	1100Centres	1100","N","Generic"
"Chapter	1100","N","Academic"
"Coalition	1100","N","Governmental"
"College	1100","N","Academic"
"Commission	1100","N","Governmental"
"Committee	1100","N","Governmental"
"Commonwealth	1100","N","Governmental"
"Community	1100","N","Generic"
"Congress	1100","N","Governmental"
"Convention	1100","N","Generic"
"Cooperation	1100Cooperative	1100","N","Generic"
"Corporation","N","Commercial"
"Council	1100","N","Governmental"
"Delegation	1100","N","Governmental"
"Department	1100Departments	1101Dept	1100Dept.	1100","N","Generic"
"Faculty	1100","N","Academic"
"Federation	1100Federations	1100","N","Governmental"
"Fellowship	1100Fellowships	1100","N","Academic"
"Forum	1100","N","Academic"
"Foundation	1100","N","Governmental"
"Fund	1100","N","Commercial"
"Government	1100Governments	1100","N","Governmental"
"Group	1100","N","Commercial"
"Gruppe","N","Commercial"
"Institute	1100Institutes	1100Institution	1100Institutions	1100","N","Governmental"
"Library	1101","N","Governmental"
"Ministry	1100Ministries	1100","N","Governmental"
"Nation	1100Nations	1101","N","Governmental"
"National	1100","N","Governmental"
"Network	1100","N","Commercial"
"Office	1100","N","Governmental"
"Organization	1100Organisation	1100Organisations	1100Organizations	1100","N","Generic"
"Partnership	1100Partnerships	1100","N","Commercial"
"Program	1100Programme	1100Programmes	1100Programs	1100","N","Governmental"
"Research	1100","N","Academic"
"Royal	1100","N","Governmental"
"School	1100","N","Academic"
"Society	1100Societies	1100","N","Academic"
"Task Force	1101","N","Governmental"
"Union	1100","N","Generic"
"University	1100","N","Academic"
"World	1100","N","Generic"
