"COL1","COL2","COL3"
"الآنسة	1111","N","F"
"الأمير	1111","N","M"
"الأميرة	1111","N","F"
"الانسة	1111","N","F"
"الدكتور	1111","N","M"
"الدكتورة	1111","N","F"
"الرئيس	1111","N","M"
"السيد	1111","N","M"
"السيدة	1111","N","F"
"الشيخ	1111","N","M"
"المهندس	1111","N","M"
"المهندسة	1111","N","F"
"الوزير	1111","N","M"
"الوزير	1111","N","M"
"الوزيرة	1111","N","F"
"د	1111","N","N"
"د.	1111","N","N"
"صاحب السمو	1111","N","M"
"صاحب السمو الملكي	1111","N","M"
"فضيلة الشيخ	1111","N","M"
