"COL1","COL2","COL3"
"Bill	1101","N","male"
"Craig	1101","N","male"
"Bert	1101","N","male"
"David	1101","N","male"
"Ryan	1101","N","male"
"Kate	1101","N","female"
"Leaf	1101","N","male"
"Sammuel	1101","N","male"
"Mark	1101","N","male"
"Mohamed	1101","N","male"
"Samuel	1101","N","male"
"Steven	1101","N","male"
"Geir	1101","N","male"
"Monika	1101","N","female"
"Martin	1101","N","male"
"Herman	1101","N","male"
"Joyce	1101","N","male"
"Susan	1101","N","male"
"Surya	1101","N","male"
"KATHAWALLA	1101","N","male"
"Viswa	1101","N","male"
"Surendra	1101","N","male"
"S K SINGH	1101","N","male"
"Kishore	1101","N","male"
