"COLUMNNAME","COLUMNTITLE","COLUMNTYPE","MATCH","POSSIBLEVALUES","MAXLENGTH","GLOSS","FIELD","DEFAULT","DEFAULTIFMISSING","VALIDATE","UIMAFEATURE","UIMADESCRIPTION","COLUMNORDER","COLUMNWIDTH"
"COL1","Place","NormalForm","false","","30000","CutPasteGloss","Lemma","1101","","notnull","","","1","130",
"COL2","Part of Speech","Keyword","false","X=Unknown,P=Pronoun,V=Verb,N=Noun,J=Adjective,A=Adverb,R=Adposition,I=Interjection,C=Conjunction,D=Determiner,Q=Quantifier","255","FeatureSetGloss","WordClass","N","","","","","2","130",
"COL3","State","String","false","","2","user.PlaceGloss","State","","","","state","","3","100",
"COL4","Zip","String","false","","5","user.PlaceGloss","Zip","","","","zip","","4","100",
