<?xml version="1.0" encoding="utf-8"?>
<typeSystemDescription xmlns="http://uima.apache.org/resourceSpecifier">
  <name>ar-XX-Titles-ts</name>
  <description>Title</description>
  <version></version>
  <vendor></vendor>
  <types>
    <typeDescription>
      <name>com.ibm.DictTitle</name>
      <description>Title</description>
      <supertypeName>uima.tt.DictionaryEntryAnnotation</supertypeName>
      <features>
        <featureDescription>
          <name>gender</name>
          <description></description>
          <rangeTypeName>uima.cas.String</rangeTypeName>
        </featureDescription>
        </features>
    </typeDescription>
    </types>
</typeSystemDescription>
