<?xml version="1.0" encoding="utf-8"?>
<typeSystemDescription xmlns="http://uima.apache.org/resourceSpecifier">
  <name>ar-XX-ImportantName-ts</name>
  <description>ar-XX-ImportantName</description>
  <version></version>
  <vendor></vendor>
  <types>
    <typeDescription>
      <name>com.ibm.DictImportantName</name>
      <description>ar-XX-ImportantName</description>
      <supertypeName>uima.tt.DictionaryEntryAnnotation</supertypeName>
    </typeDescription>
    </types>
</typeSystemDescription>
