<?xml version="1.0" encoding="utf-8"?>
<typeSystemDescription xmlns="http://uima.apache.org/resourceSpecifier">
  <name>es-XX-FirstName-ts</name>
  <description>FirstName</description>
  <vendor></vendor>
  <version></version>
  <types>
    <typeDescription>
      <name>com.ibm.DictFirstName</name>
      <description>FirstName</description>
      <supertypeName>uima.tt.DictionaryEntryAnnotation</supertypeName>
      <features>
        <featureDescription>
          <name>sex</name>
          <description></description>
          <rangeTypeName>uima.cas.String</rangeTypeName>
        </featureDescription>
        <featureDescription>
          <name>country</name>
          <description></description>
          <rangeTypeName>uima.cas.String</rangeTypeName>
        </featureDescription>
        </features>
    </typeDescription>
    </types>
</typeSystemDescription>
