<?xml version="1.0" encoding="utf-8"?>
<typeSystemDescription xmlns="http://uima.apache.org/resourceSpecifier">
  <name>ja-JP-PersonFirstName-ts</name>
  <description>ja-JP-PersonFirstName</description>
  <vendor></vendor>
  <version></version>
  <types>
    <typeDescription>
      <name>com.ibm.DictFirstName</name>
      <description>ja-JP-PersonFirstName</description>
      <supertypeName>uima.tt.DictionaryEntryAnnotation</supertypeName>
    </typeDescription>
    </types>
</typeSystemDescription>
